<?xml version="1.0" encoding="UTF-8"?>
<!DOCTYPE mapper
        PUBLIC "-//mybatis.org//DTD Mapper 3.0//EN"
        "http://mybatis.org/dtd/mybatis-3-mapper.dtd">
<mapper namespace="com.example.mapper.BackMapper">

    <sql id="Base_Column_List">
        id,supplier_id,goods_id,pay_type,time,user,num,unit,price,total,comment
    </sql>

    <select id="selectAll" resultType="com.example.entity.Back">
        select
        back.*, supplier.name as supplierName, goods.name as goodsName
        from back
        left join supplier
        on back.supplier_id = supplier.id
        left join goods
        on back.goods_id = goods.id
        <where>
            <if test="id != null"> and back.id = #{id}</if>
            <if test="supplierName != null"> and supplier.name like concat('%', #{supplierName}, '%')</if>
            <if test="goodsName != null"> and goods.name like concat('%', #{goodsName}, '%')</if>
        </where>
        order by id desc
    </select>

    <select id="selectById" resultType="com.example.entity.Back">
        select
        <include refid="Base_Column_List" />
        from back
        where id = #{id}
    </select>

    <delete id="deleteById">
        delete from back
        where  id = #{id}
    </delete>

    <insert id="insert" parameterType="com.example.entity.Back" useGeneratedKeys="true">
        insert into back
        <trim prefix="(" suffix=")" suffixOverrides=",">
            <if test="id != null">id,</if>
            <if test="supplierId != null">supplier_id,</if>
            <if test="goodsId != null">goods_id,</if>
            <if test="payType != null">pay_type,</if>
            <if test="time != null">time,</if>
            <if test="user != null">user,</if>
            <if test="num != null">num,</if>
            <if test="unit != null">unit,</if>
            <if test="price != null">price,</if>
            <if test="total != null">total,</if>
            <if test="comment != null">comment,</if>
        </trim>
        <trim prefix="values (" suffix=")" suffixOverrides=",">
            <if test="id != null">#{id},</if>
            <if test="supplierId != null">#{supplierId},</if>
            <if test="goodsId != null">#{goodsId},</if>
            <if test="payType != null">#{payType},</if>
            <if test="time != null">#{time},</if>
            <if test="user != null">#{user},</if>
            <if test="num != null">#{num},</if>
            <if test="unit != null">#{unit},</if>
            <if test="price != null">#{price},</if>
            <if test="total != null">#{total},</if>
            <if test="comment != null">#{comment},</if>
        </trim>
    </insert>

    <update id="updateById" parameterType="com.example.entity.Back">
        update back
        <set>
            <if test="supplierId != null">
                supplier_id = #{supplierId},
            </if>
            <if test="goodsId != null">
                goods_id = #{goodsId},
            </if>
            <if test="payType != null">
                pay_type = #{payType},
            </if>
            <if test="time != null">
                time = #{time},
            </if>
            <if test="user != null">
                user = #{user},
            </if>
            <if test="num != null">
                num = #{num},
            </if>
            <if test="unit != null">
                unit = #{unit},
            </if>
            <if test="price != null">
                price = #{price},
            </if>
            <if test="total != null">
                total = #{total},
            </if>
            <if test="comment != null">
                comment = #{comment},
            </if>
        </set>
        where id = #{id} 
    </update>

</mapper>